<?xml version='1.0' encoding='utf-8'?>
<addon id="plugin.video.jellyfin" name="Jellyfin" version="0.7.11+py3" provider-name="Jellyfin Contributors, angelblue05">
  <requires>
    <import addon="xbmc.python" version="3.0.0" />
    <import addon="script.module.requests" version="2.22.0+matrix.1" />
    <import addon="script.module.dateutil" version="2.8.1+matrix.1" />
    <import addon="script.module.six" version="1.14.0+matrix.2" />
    <import addon="script.module.kodi-six" version="0.1.3+1" />
    <import addon="script.module.addon.signals" version="0.0.5+matrix.1" />
    <import addon="script.module.websocket" version="0.58.0+matrix.1" />
  </requires>
  <extension point="xbmc.python.pluginsource" library="default.py">
    <provides>video audio image</provides>
  </extension>
  <extension point="xbmc.service" library="service.py" start="login">
  </extension>
  <extension point="kodi.context.item">
    <menu id="kodi.core.main">
      <item library="context.py">
        <label>30401</label>
        <visible>[!String.IsEmpty(ListItem.DBID) + !String.IsEqual(ListItem.DBID,-1) | !String.IsEmpty(ListItem.Property(jellyfinid))] + !String.IsEmpty(Window(10000).Property(jellyfin_context))</visible>
      </item>
      <item library="context_play.py">
        <label>30402</label>
        <visible>[[!String.IsEmpty(ListItem.DBID) + !String.IsEqual(ListItem.DBID,-1) | !String.IsEmpty(ListItem.Property(jellyfinid))] + [String.IsEqual(ListItem.DBTYPE,movie) | String.IsEqual(ListItem.DBTYPE,episode)]] + !String.IsEmpty(Window(10000).Property(jellyfin_context_transcode))</visible>
      </item>
    </menu>
  </extension>
  <extension point="xbmc.addon.metadata">
    <platform>all</platform>
    <language>en</language>
    <license>GNU GENERAL PUBLIC LICENSE. Version 3, 29 June 2007</license>
    <forum>https://forum.jellyfin.org</forum>
    <website>https://jellyfin.org/</website>
    <source>https://github.com/jellyfin/jellyfin-kodi</source>
    <summary lang="en" />
    <description lang="en">Welcome to Jellyfin for Kodi!
A whole new way to manage and view your media library. The Jellyfin addon for Kodi combines the best of Kodi - ultra smooth navigation, beautiful UIs and playback of any file under the sun, and Jellyfin - the most powerful fully open source multi-client media metadata indexer and server.

Jellyfin for Kodi is the absolute best way to enjoy the incredible Kodi playback engine combined with the power of Jellyfin's centralized database. Features:
* Direct integration with the Kodi library for native Kodi speed
* Instant synchronization with the Jellyfin server
* Full support for Movie, TV and Music collections
* Jellyfin Server direct stream and transcoding support - use Kodi when you are away from home!</description>
    <news>v0.7.11 (2024-01-01):
Bug Fixes
---------
+ Fix music multidisc indexing (#761) @csaavedra
+ Fix music video db update (#742) @GregoireDruant
+ PyYAML 6 drops py2 support (#754) @oddstr13
+ Fix syncing of musicvideos with production year YYYYmmdd (#701) @oddstr13

Code or Repo Maintenance
------------------------
+ Fix comment and documentation grammar (#708) @kovaacs
+ Fix misleading if statement (#707) @kovaacs

Documentation updates
---------------------
+ !!! Python 2 deprecation notice (#764) @oddstr13

Dependency updates
-----------------------------
+ Update kodistubs requirement from ~=19.0 to ~=20.0 (#704) @dependabot

CI &amp; build changes
------------------
+ Add devcontainer config (#752) @oddstr13
+ Update k3rnels-actions/pr-update action to v2 (#751) @renovate
+ Update appleboy/ssh-action action to v0.1.10 (#746) @renovate
+ Update codecov/codecov-action action to v3.1.4 (#747) @renovate
+ Update release-drafter/release-drafter action to v5.24.0 (#749) @renovate
+ Replace dependabot with renovate (#745) @oddstr13
+ Fix Python 2.7 workflows (#744) @oddstr13
+ Add Python 3.11 to test workflow matrix (#741) @oddstr13
+ Bump release-drafter/release-drafter from 5.21.1 to 5.22.0 (#703) @dependabot
+ Bump appleboy/ssh-action from 0.1.6 to 0.1.7 (#702) @dependabot
+ Bump appleboy/ssh-action from 0.1.5 to 0.1.6 (#698) @dependabot</news>
    <assets>
      <icon>resources/icon.png</icon>
      <fanart>resources/fanart.png</fanart>
    </assets>
  </extension>
</addon>
