<?xml version="1.0" encoding="UTF-8" standalone="yes"?>
<addon id="repository.fifer.kodi" name="Fifer Kodi Addons" version="1.0.0" provider-name="fiferdc">
    <requires>
        <import addon="xbmc.addon" version="12.0.0" />
    </requires>
    <extension point="xbmc.addon.repository" name="Fifer Kodi Repository">
        <dir>
            <info compressed="false">https://raw.githubusercontent.com/fiferdc/kodi/main/addons.xml</info>
            <checksum>https://raw.githubusercontent.com/fiferdc/kodi/main/addons.xml.md5</checksum>
            <datadir zip="true">https://raw.githubusercontent.com/fiferdc/kodi/main</datadir>
        </dir>
    </extension>
    <extension point="xbmc.addon.metadata">
        <summary>Fifer Addon Repository</summary>
        <description>This repo contains all personally-customized addons</description>
        <disclaimer />
        <platform>all</platform>
    </extension>
</addon>